{"cameraMode":{"drawMode":0,"name":"Shaded","section":"Shading Mode"},"sceneLighting":true,"audioPlay":false,"sceneViewState":{"showFog":true,"showMaterialUpdate":false,"showSkybox":true,"showFlares":true,"showImageEffects":true,"showParticleSystems":true},"in2DMode":false,"pivot":{"x":-2.3876163959503176,"y":-1.794631838798523,"z":-5.008693695068359},"rotation":{"x":-0.07140317559242249,"y":0.7979734539985657,"z":-0.09647209942340851,"w":-0.5906583070755005},"size":8.058903694152832,"orthographic":false}